,p,r,f,s
current_location,1.0,1.0,1.0,17
country,0.5263157894736842,0.4166666666666667,0.46511627906976744,24
condition_description,1.0,1.0,1.0,22
timeRange,0.35802469135802467,0.453125,0.39999999999999997,64
state,0.8275862068965517,0.9230769230769231,0.8727272727272727,26
condition_temperature,1.0,1.0,1.0,21
geographic_poi,0.0,0.0,0.0,16
spatial_relation,0.5,0.6428571428571429,0.5625000000000001,14
city,0.0,0.0,0.0,38
total,0.5617021276595745,0.5454545454545454,0.5534591194968554,242
